﻿<?xml version="1.0" encoding="utf-8" ?>

<hibernate-mapping xmlns="urn:nhibernate-mapping-2.2" assembly="orgUsermanage" namespace="orgUsermanage.Models">
  <class name="org" table="org" lazy="true" >

    <id name="org_id" column="org_id">
      <generator class="identity" />
    </id>

    <property name="org_name">
      <column name="org_name" sql-type="varchar(50)" not-null="true"/>
    </property>

    <property name="org_address">
      <column name="org_address" sql-type="varchar(50)" not-null="true"/>
    </property>

    <property name="org_email">
      <column name="org_email" sql-type="varchar(50)" not-null="true"/>
    </property>

    <property name="phone">
      <column name="phone" sql-type="varchar(50)" not-null="true"/>
    </property>

    <property name="created_date">
      <column name="created_date" sql-type="datetime" not-null="false"/>
    </property>

    <property name="created_By">
      <column name="created_By" sql-type="varchar(50)" not-null="true"/>
    </property>

    <property name="modified_date">
      <column name="modified_date" sql-type="datetime" not-null="false"/>
    </property>


  </class>

</hibernate-mapping>