﻿<?xml version="1.0" encoding="utf-8" ?>

<hibernate-mapping xmlns="urn:nhibernate-mapping-2.2" assembly="orgUsermanage" namespace="orgUsermanage.Models">
  <class name="useraccessscreen" table="useraccessscreen" lazy="true" >

    <id name="id" column="id">
      <generator class="identity" />
    </id>

    <property name="modulename">
      <column name="modulename" sql-type="varchar(50)" not-null="false"/>
    </property>

    <property name="adddata">
      <column name="adddata" sql-type="bit(1)" not-null="true"/>
    </property>


    <property name="editdata">
      <column name="editdata" sql-type="bit(1)" not-null="true"/>
    </property>


    <property name="deletedata">
      <column name="deletedata" sql-type="bit(1)" not-null="true"/>
    </property>

    <property name="useraccesssid">
      <column name="useraccesssid" sql-type="int(11)" not-null="true"/>
    </property>

    <property name="usersid">
      <column name="usersid" sql-type="int(11)" not-null="true"/>
    </property>
    
  </class>

</hibernate-mapping>