﻿<?xml version="1.0" encoding="utf-8" ?>

<hibernate-mapping xmlns="urn:nhibernate-mapping-2.2" assembly="orgUsermanage" namespace="orgUsermanage.Models">
  <class name="useraccesss" table="useraccesss" lazy="true" >

    <id name="id" column="id">
      <generator class="identity" />
    </id>

    <property name="role">
      <column name="role" sql-type="varchar(50)" not-null="true"/>
    </property>

    <property name="description">
      <column name="description" sql-type="varchar(50)" not-null="true"/>
    </property>

  </class>

</hibernate-mapping>