﻿<?xml version="1.0" encoding="utf-8" ?>

<hibernate-mapping xmlns="urn:nhibernate-mapping-2.2" assembly="orgUsermanage" namespace="orgUsermanage.Models">
  <class name="users" table="users" lazy="true" >

    <id name="usersid" column="usersid">
      <generator class="identity" />
    </id>

    <property name="user_name">
      <column name="user_name" sql-type="varchar(50)" not-null="true"/>
    </property>

    <property name="user_email">
      <column name="user_email" sql-type="varchar(50)" not-null="true"/>
    </property>

    <property name="phone">
      <column name="phone" sql-type="varchar(50)" not-null="true"/>
    </property>

    <property name="password">
      <column name="password" sql-type="varchar(50)" not-null="true"/>
    </property>

    <property name="org_id">
      <column name="org_id" sql-type="int(11)" not-null="true"/>
    </property>

    <property name="created_date">
      <column name="created_date" sql-type="datetime" not-null="false"/>
    </property>

    <property name="created_By">
      <column name="created_By" sql-type="varchar(50)" not-null="false"/>
    </property>

    <property name="modified_date">
      <column name="modified_date" sql-type="datetime" not-null="false"/>
    </property>

    <property name="roleid">
      <column name="roleid" sql-type="int(11)" not-null="true"/>
    </property>
    <property name="Flag">
      <column name="Flag" sql-type="bit(1)" not-null="true"/>
    </property>

  </class>

</hibernate-mapping>